,Confidence,Method,Type,Width
0,0.8348132969034608,Historical interval 10y,Hist 0.8,9.179284722222226
1,0.9110883424408015,Historical interval 10y,Hist 0.9,11.627052083333334
2,0.9480874316939891,Historical interval 10y,Hist 0.95,13.638978298611105
3,0.9853142076502732,Historical interval 10y,Hist 0.99,17.149259895833325
4,0.9906648451730419,Historical interval 10y,Hist 1,19.225486111111113
5,0.8025956284153005,Historical interval 5y,Hist 0.8,8.619128472222222
6,0.8883196721311475,Historical interval 5y,Hist 0.9,10.854970486111107
7,0.9382969034608379,Historical interval 5y,Hist 0.95,12.778883680555557
8,0.9743852459016393,Historical interval 5y,Hist 0.99,15.731711111111103
9,0.9825819672131147,Historical interval 5y,Hist 1,17.008472222222224
10,0.7811930783242259,Historical interval 3y,Hist 0.8,8.532333333333334
11,0.8715846994535519,Historical interval 3y,Hist 0.9,10.744350694444442
12,0.9115437158469946,Historical interval 3y,Hist 0.95,12.36115972222222
13,0.9587887067395264,Historical interval 3y,Hist 0.99,14.98027986111111
14,0.9675546448087432,Historical interval 3y,Hist 1,15.890347222222223
15,0.718351548269581,Historical interval 1y,Hist 0.8,7.4200590277777785
16,0.7966757741347905,Historical interval 1y,Hist 0.9,9.122635416666666
17,0.8459699453551912,Historical interval 1y,Hist 0.95,10.198087673611111
18,0.8810336976320583,Historical interval 1y,Hist 0.99,11.206089756944444
19,0.8862704918032787,Historical interval 1y,Hist 1,11.458090277777778
20,0.7883652094717668,5y bootstrap,Hist 0.8,8.281065972222223
21,0.8711293260473588,5y bootstrap,Hist 0.9,10.291142361111108
22,0.9180327868852459,5y bootstrap,Hist 0.95,11.971586805555555
23,0.9589025500910747,5y bootstrap,Hist 0.99,14.275533506944434
24,0.9732468123861566,5y bootstrap,Hist 1,15.363333333333332
25,0.0,5y bootstrap param,Hist 0.8,-8.516311304872277
26,0.0,5y bootstrap param,Hist 0.9,-10.855715448645096
27,0.0,5y bootstrap param,Hist 0.95,-12.79574289681755
28,0.0,5y bootstrap param,Hist 0.99,-15.654155923617461
29,0.0,5y bootstrap param,Hist 1,-16.789469139825073
30,0.8306010928961749,10y bootstrap,Hist 0.8,9.152510416666667
31,0.9121129326047359,10y bootstrap,Hist 0.9,11.58390277777778
32,0.9475182149362478,10y bootstrap,Hist 0.95,13.612522569444439
33,0.9864526411657559,10y bootstrap,Hist 0.99,17.02604652777777
34,0.9902094717668488,10y bootstrap,Hist 1,18.536076388888887
35,0.0,10y bootstrap param,Hist 0.8,-9.145005159486901
36,0.0,10y bootstrap param,Hist 0.9,-11.69910523575303
37,0.0,10y bootstrap param,Hist 0.95,-13.858630681312455
38,0.0,10y bootstrap param,Hist 0.99,-17.725582965473116
39,0.0,10y bootstrap param,Hist 1,-19.715457611235383
