,Confidence,Method,Type,Width
0,0.773224043715847,Historical interval 10y,Hist 0.8,7.74523263888889
1,0.8641848816029144,Historical interval 10y,Hist 0.9,9.648458333333334
2,0.9118852459016393,Historical interval 10y,Hist 0.95,11.163676215277775
3,0.9578779599271403,Historical interval 10y,Hist 0.99,13.792628298611106
4,0.9697176684881603,Historical interval 10y,Hist 1,15.686666666666667
5,0.7699225865209471,Historical interval 5y,Hist 0.8,7.975500000000001
6,0.8653233151183971,Historical interval 5y,Hist 0.9,9.739939236111109
7,0.9098360655737705,Historical interval 5y,Hist 0.95,11.11934201388889
8,0.9502504553734062,Historical interval 5y,Hist 0.99,13.598863888888886
9,0.9622040072859745,Historical interval 5y,Hist 1,14.771527777777777
10,0.7402094717668488,Historical interval 3y,Hist 0.8,7.833243055555556
11,0.8431238615664846,Historical interval 3y,Hist 0.9,9.538651041666665
12,0.8917349726775956,Historical interval 3y,Hist 0.95,10.915388020833332
13,0.9343123861566485,Historical interval 3y,Hist 0.99,12.991968923611113
14,0.941712204007286,Historical interval 3y,Hist 1,13.767048611111113
15,0.48474499089253187,Historical interval 1y,Hist 0.8,5.952520833333335
16,0.5561247723132969,Historical interval 1y,Hist 0.9,7.203567708333334
17,0.5955145719489982,Historical interval 1y,Hist 0.95,8.058385416666665
18,0.6345628415300546,Historical interval 1y,Hist 0.99,8.949315972222221
19,0.6419626593806922,Historical interval 1y,Hist 1,9.17204861111111
20,0.7700364298724954,5y bootstrap,Hist 0.8,7.987447916666666
21,0.8557604735883424,5y bootstrap,Hist 0.9,9.719043402777775
22,0.9009562841530054,5y bootstrap,Hist 0.95,10.915921006944444
23,0.9430783242258652,5y bootstrap,Hist 0.99,13.027828993055554
24,0.950136612021858,5y bootstrap,Hist 1,13.816006944444444
25,0.0,5y bootstrap param,Hist 0.8,-7.74028464569504
26,0.0,5y bootstrap param,Hist 0.9,-9.871778800044323
27,0.0,5y bootstrap param,Hist 0.95,-11.631823812084402
28,0.0,5y bootstrap param,Hist 0.99,-14.229524237083057
29,0.0,5y bootstrap param,Hist 1,-15.255637002997165
30,0.7646857923497268,10y bootstrap,Hist 0.8,7.649322916666667
31,0.855191256830601,10y bootstrap,Hist 0.9,9.553293402777777
32,0.9061930783242259,10y bootstrap,Hist 0.95,11.017151041666665
33,0.9516165755919854,10y bootstrap,Hist 0.99,13.614323611111107
34,0.9639116575591985,10y bootstrap,Hist 1,15.007916666666668
35,0.0,10y bootstrap param,Hist 0.8,-7.580621634306308
36,0.0,10y bootstrap param,Hist 0.9,-9.696804881032284
37,0.0,10y bootstrap param,Hist 0.95,-11.489939148597507
38,0.0,10y bootstrap param,Hist 0.99,-14.691329474821613
39,0.0,10y bootstrap param,Hist 1,-16.344849128649955
