,Confidence,Method,Type,Width
0,0.8045309653916212,Historical interval 10y,Hist 0.8,6.97375
1,0.8995901639344263,Historical interval 10y,Hist 0.9,8.838692708333333
2,0.9512750455373407,Historical interval 10y,Hist 0.95,10.425403645833331
3,0.980191256830601,Historical interval 10y,Hist 0.99,12.832111631944441
4,0.9878187613843351,Historical interval 10y,Hist 1,14.012534722222222
5,0.8032786885245902,Historical interval 5y,Hist 0.8,6.820777777777778
6,0.9022085610200364,Historical interval 5y,Hist 0.9,8.667017361111109
7,0.9487704918032787,Historical interval 5y,Hist 0.95,10.103203125
8,0.9783697632058288,Historical interval 5y,Hist 0.99,12.223998437499997
9,0.9832650273224044,Historical interval 5y,Hist 1,13.1784375
10,0.7619535519125683,Historical interval 3y,Hist 0.8,6.288562500000001
11,0.8596311475409836,Historical interval 3y,Hist 0.9,7.984916666666665
12,0.9093806921675774,Historical interval 3y,Hist 0.95,9.305516493055555
13,0.9566256830601093,Historical interval 3y,Hist 0.99,11.035964930555556
14,0.9653916211293261,Historical interval 3y,Hist 1,11.607465277777777
15,0.6331967213114754,Historical interval 1y,Hist 0.8,5.400944444444446
16,0.7295081967213115,Historical interval 1y,Hist 0.9,6.770263888888889
17,0.7824453551912568,Historical interval 1y,Hist 0.95,7.658828993055554
18,0.8279826958105647,Historical interval 1y,Hist 0.99,8.548960243055555
19,0.8372040072859745,Historical interval 1y,Hist 1,8.771493055555556
20,0.7872267759562842,5y bootstrap,Hist 0.8,6.661552083333334
21,0.8890027322404371,5y bootstrap,Hist 0.9,8.524638888888887
22,0.944672131147541,5y bootstrap,Hist 0.95,9.978974826388889
23,0.9734744990892532,5y bootstrap,Hist 0.99,11.691724131944444
24,0.9775728597449909,5y bootstrap,Hist 1,12.372222222222222
25,0.0,5y bootstrap param,Hist 0.8,-6.805658364723325
26,0.0,5y bootstrap param,Hist 0.9,-8.679747817520425
27,0.0,5y bootstrap param,Hist 0.95,-10.225760433574903
28,0.0,5y bootstrap param,Hist 0.99,-12.50943065796274
29,0.0,5y bootstrap param,Hist 1,-13.418002489619573
30,0.7999772313296903,10y bootstrap,Hist 0.8,6.8671597222222225
31,0.8929872495446266,10y bootstrap,Hist 0.9,8.701182291666665
32,0.9437613843351548,10y bootstrap,Hist 0.95,10.199581597222222
33,0.972563752276867,10y bootstrap,Hist 0.99,12.579666493055552
34,0.9825819672131147,10y bootstrap,Hist 1,13.494583333333335
35,0.0,10y bootstrap param,Hist 0.8,-6.996314687785291
36,0.0,10y bootstrap param,Hist 0.9,-8.932524192415274
37,0.0,10y bootstrap param,Hist 0.95,-10.550475269253013
38,0.0,10y bootstrap param,Hist 0.99,-13.10949313352652
39,0.0,10y bootstrap param,Hist 1,-14.222638130098257
