,Confidence,Method,Type,Width
0,0.8402777777777778,Historical interval 10y,Hist 0.8,9.255190972222222
1,0.9091530054644809,Historical interval 10y,Hist 0.9,11.821574652777777
2,0.9532103825136612,Historical interval 10y,Hist 0.95,13.984176215277778
3,0.9877049180327869,Historical interval 10y,Hist 0.99,17.34565069444444
4,0.9920309653916212,Historical interval 10y,Hist 1,18.785868055555554
5,0.8402777777777778,Historical interval 5y,Hist 0.8,9.255190972222222
6,0.9091530054644809,Historical interval 5y,Hist 0.9,11.821574652777777
7,0.9532103825136612,Historical interval 5y,Hist 0.95,13.984176215277778
8,0.9877049180327869,Historical interval 5y,Hist 0.99,17.34565069444444
9,0.9920309653916212,Historical interval 5y,Hist 1,18.785868055555554
10,0.8110200364298725,Historical interval 3y,Hist 0.8,8.219729166666667
11,0.8886612021857924,Historical interval 3y,Hist 0.9,10.605690972222222
12,0.9326047358834244,Historical interval 3y,Hist 0.95,12.571291666666665
13,0.9673269581056466,Historical interval 3y,Hist 0.99,15.286250000000003
14,0.9733606557377049,Historical interval 3y,Hist 1,16.233124999999998
15,0.663023679417122,Historical interval 1y,Hist 0.8,6.3688472222222225
16,0.7687841530054644,Historical interval 1y,Hist 0.9,7.894656250000001
17,0.8193306010928961,Historical interval 1y,Hist 0.95,8.999000868055553
18,0.8637295081967213,Historical interval 1y,Hist 0.99,10.112966840277776
19,0.8727231329690346,Historical interval 1y,Hist 1,10.391458333333333
20,0.8287795992714025,5y bootstrap,Hist 0.8,9.148288194444445
21,0.9048269581056466,5y bootstrap,Hist 0.9,11.780748263888889
22,0.9406876138433515,5y bootstrap,Hist 0.95,13.876919270833334
23,0.9739298724954463,5y bootstrap,Hist 0.99,16.44034114583333
24,0.983948087431694,5y bootstrap,Hist 1,17.527881944444445
25,0.0,5y bootstrap param,Hist 0.8,-9.179339635193118
26,0.0,5y bootstrap param,Hist 0.9,-11.692126463060646
27,0.0,5y bootstrap param,Hist 0.95,-13.773537550905383
28,0.0,5y bootstrap param,Hist 0.99,-16.804246721646297
29,0.0,5y bootstrap param,Hist 1,-17.96462475586541
30,0.8287795992714025,10y bootstrap,Hist 0.8,9.148288194444445
31,0.9048269581056466,10y bootstrap,Hist 0.9,11.780748263888889
32,0.9406876138433515,10y bootstrap,Hist 0.95,13.876919270833334
33,0.9739298724954463,10y bootstrap,Hist 0.99,16.44034114583333
34,0.983948087431694,10y bootstrap,Hist 1,17.527881944444445
35,0.0,10y bootstrap param,Hist 0.8,-9.182679625183688
36,0.0,10y bootstrap param,Hist 0.9,-11.69103289932014
37,0.0,10y bootstrap param,Hist 0.95,-13.772074240398984
38,0.0,10y bootstrap param,Hist 0.99,-16.809809483916418
39,0.0,10y bootstrap param,Hist 1,-17.949216128743576
