,Confidence,Method,Type,Width
0,0.7737932604735883,Historical interval 10y,Hist 0.8,4.063159722222222
1,0.8718123861566485,Historical interval 10y,Hist 0.9,5.331407986111111
2,0.9224726775956285,Historical interval 10y,Hist 0.95,6.335838541666665
3,0.9693761384335154,Historical interval 10y,Hist 0.99,8.02921440972222
4,0.9800774134790529,Historical interval 10y,Hist 1,8.880243055555555
5,0.7836976320582878,Historical interval 5y,Hist 0.8,4.103736111111111
6,0.8781876138433515,Historical interval 5y,Hist 0.9,5.382506944444443
7,0.924408014571949,Historical interval 5y,Hist 0.95,6.3991762152777785
8,0.9707422586520947,Historical interval 5y,Hist 0.99,8.072994444444442
9,0.9795081967213115,Historical interval 5y,Hist 1,8.824722222222224
10,0.7872267759562842,Historical interval 3y,Hist 0.8,3.733017361111111
11,0.8781876138433515,Historical interval 3y,Hist 0.9,4.763317708333333
12,0.9306693989071039,Historical interval 3y,Hist 0.95,5.641774305555554
13,0.9685792349726776,Historical interval 3y,Hist 0.99,6.986108854166667
14,0.9759790528233151,Historical interval 3y,Hist 1,7.456909722222223
15,0.7020719489981785,Historical interval 1y,Hist 0.8,3.498618055555556
16,0.7958788706739527,Historical interval 1y,Hist 0.9,4.468321180555555
17,0.8554189435336976,Historical interval 1y,Hist 0.95,5.129722222222222
18,0.8926457194899818,Historical interval 1y,Hist 0.99,5.853750000000001
19,0.8985655737704918,Historical interval 1y,Hist 1,6.034756944444444
20,0.770264116575592,5y bootstrap,Hist 0.8,4.159677083333333
21,0.8641848816029144,5y bootstrap,Hist 0.9,5.365885416666668
22,0.9116575591985429,5y bootstrap,Hist 0.95,6.3614999999999995
23,0.9584471766848816,5y bootstrap,Hist 0.99,7.911624479166666
24,0.9659608378870674,5y bootstrap,Hist 1,8.372534722222222
25,0.0,5y bootstrap param,Hist 0.8,-4.201105634130814
26,0.0,5y bootstrap param,Hist 0.9,-5.357365005693962
27,0.0,5y bootstrap param,Hist 0.95,-6.314990806343545
28,0.0,5y bootstrap param,Hist 0.99,-7.723582841952005
29,0.0,5y bootstrap param,Hist 1,-8.284344232478034
30,0.7518214936247724,10y bootstrap,Hist 0.8,3.930131944444445
31,0.8502959927140255,10y bootstrap,Hist 0.9,5.119387152777778
32,0.9031193078324226,10y bootstrap,Hist 0.95,6.19521267361111
33,0.9589025500910747,10y bootstrap,Hist 0.99,7.845397569444442
34,0.9704007285974499,10y bootstrap,Hist 1,8.42420138888889
35,0.0,10y bootstrap param,Hist 0.8,-4.18141342791917
36,0.0,10y bootstrap param,Hist 0.9,-5.333938797154904
37,0.0,10y bootstrap param,Hist 0.95,-6.295383246926636
38,0.0,10y bootstrap param,Hist 0.99,-7.768178108079692
39,0.0,10y bootstrap param,Hist 1,-8.372903687058612
