,Confidence,Method,Type,Width
0,0.7394125683060109,Historical interval 10y,Hist 0.8,7.467680555555557
1,0.8523451730418944,Historical interval 10y,Hist 0.9,9.498336805555558
2,0.9109744990892532,Historical interval 10y,Hist 0.95,11.189790798611106
3,0.970856102003643,Historical interval 10y,Hist 0.99,13.989462152777769
4,0.9885018214936248,Historical interval 10y,Hist 1,15.904444444444445
5,0.7402094717668488,Historical interval 5y,Hist 0.8,7.326506944444445
6,0.8485883424408015,Historical interval 5y,Hist 0.9,9.344022569444443
7,0.9065346083788707,Historical interval 5y,Hist 0.95,11.036770833333334
8,0.9592440801457195,Historical interval 5y,Hist 0.99,13.694913541666661
9,0.9740437158469946,Historical interval 5y,Hist 1,14.893229166666666
10,0.7511384335154827,Historical interval 3y,Hist 0.8,7.503201388888891
11,0.8613387978142076,Historical interval 3y,Hist 0.9,9.61922395833333
12,0.9102914389799636,Historical interval 3y,Hist 0.95,11.150438368055555
13,0.9503642987249544,Historical interval 3y,Hist 0.99,13.307876909722225
14,0.9587887067395264,Historical interval 3y,Hist 1,14.10767361111111
15,0.7053734061930783,Historical interval 1y,Hist 0.8,6.999010416666668
16,0.7982695810564663,Historical interval 1y,Hist 0.9,8.692310763888889
17,0.8501821493624773,Historical interval 1y,Hist 0.95,9.776335937499999
18,0.8902550091074681,Historical interval 1y,Hist 0.99,10.90040607638889
19,0.8964025500910747,Historical interval 1y,Hist 1,11.18142361111111
20,0.7265482695810564,5y bootstrap,Hist 0.8,7.337555555555555
21,0.8392531876138434,5y bootstrap,Hist 0.9,9.530315972222219
22,0.9008424408014571,5y bootstrap,Hist 0.95,11.31413715277778
23,0.94341985428051,5y bootstrap,Hist 0.99,13.417051909722222
24,0.9512750455373407,5y bootstrap,Hist 1,14.336180555555554
25,0.0,5y bootstrap param,Hist 0.8,-7.3473714564618655
26,0.0,5y bootstrap param,Hist 0.9,-9.367245719713429
27,0.0,5y bootstrap param,Hist 0.95,-11.04735187692264
28,0.0,5y bootstrap param,Hist 0.99,-13.505457836869203
29,0.0,5y bootstrap param,Hist 1,-14.484348602540264
30,0.7407786885245902,10y bootstrap,Hist 0.8,7.5350590277777805
31,0.8506375227686703,10y bootstrap,Hist 0.9,9.563012152777778
32,0.9065346083788707,10y bootstrap,Hist 0.95,11.305127604166664
33,0.9681238615664846,10y bootstrap,Hist 0.99,14.084665451388881
34,0.9813296903460837,10y bootstrap,Hist 1,15.36357638888889
35,0.0,10y bootstrap param,Hist 0.8,-7.460317948391528
36,0.0,10y bootstrap param,Hist 0.9,-9.543488505765302
37,0.0,10y bootstrap param,Hist 0.95,-11.30681327447566
38,0.0,10y bootstrap param,Hist 0.99,-14.454039515972624
39,0.0,10y bootstrap param,Hist 1,-16.08510947170902
