,Confidence,Method,Type,Width
0,0.8652094717668488,Historical interval 10y,Hist 0.8,8.384104166666667
1,0.9471766848816029,Historical interval 10y,Hist 0.9,10.568206597222222
2,0.9796220400728597,Historical interval 10y,Hist 0.95,12.486315972222222
3,0.9954462659380692,Historical interval 10y,Hist 0.99,15.48187777777777
4,0.9980646630236795,Historical interval 10y,Hist 1,17.000625
5,0.8596311475409836,Historical interval 5y,Hist 0.8,8.299364583333332
6,0.9413706739526412,Historical interval 5y,Hist 0.9,10.410763888888887
7,0.9773451730418944,Historical interval 5y,Hist 0.95,12.203149305555554
8,0.9959016393442623,Historical interval 5y,Hist 0.99,15.17103680555555
9,0.9978369763205829,Historical interval 5y,Hist 1,16.56097222222222
10,0.817167577413479,Historical interval 3y,Hist 0.8,7.442048611111113
11,0.9049408014571949,Historical interval 3y,Hist 0.9,9.301880208333332
12,0.9511612021857924,Historical interval 3y,Hist 0.95,10.853193576388888
13,0.9838342440801457,Historical interval 3y,Hist 0.99,13.024965104166668
14,0.9879326047358834,Historical interval 3y,Hist 1,13.774618055555557
15,0.7969034608378871,Historical interval 1y,Hist 0.8,7.344753472222221
16,0.8797814207650273,Historical interval 1y,Hist 0.9,9.017973958333334
17,0.9165528233151184,Historical interval 1y,Hist 0.95,10.198615451388887
18,0.9427367941712204,Historical interval 1y,Hist 0.99,11.427111979166666
19,0.9463797814207651,Historical interval 1y,Hist 1,11.73423611111111
20,0.8392531876138434,5y bootstrap,Hist 0.8,8.1386875
21,0.9295309653916212,5y bootstrap,Hist 0.9,10.39962673611111
22,0.9651639344262295,5y bootstrap,Hist 0.95,12.160821180555555
23,0.9915755919854281,5y bootstrap,Hist 0.99,14.671587499999996
24,0.9949908925318761,5y bootstrap,Hist 1,15.721493055555559
25,0.0,5y bootstrap param,Hist 0.8,-8.311605195582167
26,0.0,5y bootstrap param,Hist 0.9,-10.598064711727842
27,0.0,5y bootstrap param,Hist 0.95,-12.496083828443512
28,0.0,5y bootstrap param,Hist 0.99,-15.27894473136087
29,0.0,5y bootstrap param,Hist 1,-16.392467496409573
30,0.8604280510018215,10y bootstrap,Hist 0.8,8.329697916666667
31,0.9376138433515483,10y bootstrap,Hist 0.9,10.553114583333333
32,0.9675546448087432,10y bootstrap,Hist 0.95,12.385682291666667
33,0.9902094717668488,10y bootstrap,Hist 0.99,15.044151388888885
34,0.9943078324225865,10y bootstrap,Hist 1,16.03277777777778
35,0.0,10y bootstrap param,Hist 0.8,-8.429910078915118
36,0.0,10y bootstrap param,Hist 0.9,-10.756956069891258
37,0.0,10y bootstrap param,Hist 0.95,-12.695449838883713
38,0.0,10y bootstrap param,Hist 0.99,-15.67891150166134
39,0.0,10y bootstrap param,Hist 1,-16.90681611832907
