,Confidence,Method,Type,Width
0,0.8030510018214936,Historical interval 10y,Hist 0.8,3.1353368055555557
1,0.9119990892531876,Historical interval 10y,Hist 0.9,4.010539930555556
2,0.9579918032786885,Historical interval 10y,Hist 0.95,4.701845486111109
3,0.9922586520947176,Historical interval 10y,Hist 0.99,5.749475694444443
4,0.9965846994535519,Historical interval 10y,Hist 1,6.36048611111111
5,0.7920081967213115,Historical interval 5y,Hist 0.8,3.0098229166666663
6,0.8949225865209471,Historical interval 5y,Hist 0.9,3.888425347222222
7,0.9491120218579235,Historical interval 5y,Hist 0.95,4.572454861111111
8,0.9862249544626593,Historical interval 5y,Hist 0.99,5.524080902777776
9,0.9924863387978142,Historical interval 5y,Hist 1,5.965729166666666
10,0.7801684881602914,Historical interval 3y,Hist 0.8,3.0157395833333336
11,0.8855874316939891,Historical interval 3y,Hist 0.9,3.8647204861111106
12,0.9382969034608379,Historical interval 3y,Hist 0.95,4.502634548611111
13,0.9812158469945356,Historical interval 3y,Hist 0.99,5.368431770833333
14,0.9880464480874317,Historical interval 3y,Hist 1,5.665381944444444
15,0.6631375227686703,Historical interval 1y,Hist 0.8,2.2992500000000007
16,0.777436247723133,Historical interval 1y,Hist 0.9,3.0025208333333335
17,0.8410746812386156,Historical interval 1y,Hist 0.95,3.5401241319444434
18,0.89275956284153,Historical interval 1y,Hist 0.99,4.154469270833334
19,0.9012978142076503,Historical interval 1y,Hist 1,4.308055555555555
20,0.7868852459016393,5y bootstrap,Hist 0.8,2.921673611111112
21,0.8870673952641166,5y bootstrap,Hist 0.9,3.798079861111111
22,0.9402322404371585,5y bootstrap,Hist 0.95,4.439401041666667
23,0.9774590163934426,5y bootstrap,Hist 0.99,5.3282845486111095
24,0.9865664845173042,5y bootstrap,Hist 1,5.702048611111111
25,0.0,5y bootstrap param,Hist 0.8,-3.0543164451360667
26,0.0,5y bootstrap param,Hist 0.9,-3.894299405670021
27,0.0,5y bootstrap param,Hist 0.95,-4.593225245987788
28,0.0,5y bootstrap param,Hist 0.99,-5.617066304479932
29,0.0,5y bootstrap param,Hist 1,-6.023509322316105
30,0.8015710382513661,10y bootstrap,Hist 0.8,3.092489583333334
31,0.9036885245901639,10y bootstrap,Hist 0.9,3.943111111111111
32,0.9543488160291439,10y bootstrap,Hist 0.95,4.608958333333333
33,0.9896402550091075,10y bootstrap,Hist 0.99,5.614752777777777
34,0.9941939890710383,10y bootstrap,Hist 1,6.107569444444445
35,0.0,10y bootstrap param,Hist 0.8,-3.132611908425686
36,0.0,10y bootstrap param,Hist 0.9,-4.006351542066822
37,0.0,10y bootstrap param,Hist 0.95,-4.748601890876803
38,0.0,10y bootstrap param,Hist 0.99,-6.071615980588695
39,0.0,10y bootstrap param,Hist 1,-6.753730504095011
