,Confidence,Method,Type,Width
0,0.7851775956284153,Historical interval 10y,Hist 0.8,6.54332638888889
1,0.8837659380692168,Historical interval 10y,Hist 0.9,8.44517361111111
2,0.936247723132969,Historical interval 10y,Hist 0.95,10.255509548611107
3,0.9775728597449909,Historical interval 10y,Hist 0.99,13.44851527777777
4,0.9879326047358834,Historical interval 10y,Hist 1,16.016631944444445
5,0.7712887067395264,Historical interval 5y,Hist 0.8,6.595104166666666
6,0.8654371584699454,Historical interval 5y,Hist 0.9,8.490465277777774
7,0.9247495446265938,Historical interval 5y,Hist 0.95,10.289625000000003
8,0.972563752276867,Historical interval 5y,Hist 0.99,13.298920486111099
9,0.9829234972677595,Historical interval 5y,Hist 1,14.973402777777778
10,0.748747723132969,Historical interval 3y,Hist 0.8,6.5245902777777784
11,0.8600865209471766,Historical interval 3y,Hist 0.9,8.416868055555552
12,0.9196265938069217,Historical interval 3y,Hist 0.95,10.13305989583333
13,0.9715391621129326,Historical interval 3y,Hist 0.99,13.152878993055557
14,0.9782559198542805,Historical interval 3y,Hist 1,14.282569444444444
15,0.7293943533697632,Historical interval 1y,Hist 0.8,6.089041666666668
16,0.8522313296903461,Historical interval 1y,Hist 0.9,7.919592013888888
17,0.9038023679417122,Historical interval 1y,Hist 0.95,9.315567708333331
18,0.9356785063752276,Historical interval 1y,Hist 0.99,10.856807986111113
19,0.9404599271402551,Historical interval 1y,Hist 1,11.242118055555556
20,0.76775956284153,5y bootstrap,Hist 0.8,6.549177083333333
21,0.862363387978142,5y bootstrap,Hist 0.9,8.37603472222222
22,0.9168943533697632,5y bootstrap,Hist 0.95,10.112460069444445
23,0.9665300546448088,5y bootstrap,Hist 0.99,13.041346180555552
24,0.9775728597449909,5y bootstrap,Hist 1,13.904687500000001
25,0.0,5y bootstrap param,Hist 0.8,-6.743287558967227
26,0.0,5y bootstrap param,Hist 0.9,-8.60067242958405
27,0.0,5y bootstrap param,Hist 0.95,-10.133447166849342
28,0.0,5y bootstrap param,Hist 0.99,-12.395854243443173
29,0.0,5y bootstrap param,Hist 1,-13.288886907646935
30,0.7890482695810564,10y bootstrap,Hist 0.8,6.623572916666667
31,0.8855874316939891,10y bootstrap,Hist 0.9,8.663803819444446
32,0.9360200364298725,10y bootstrap,Hist 0.95,10.480846354166662
33,0.9760928961748634,10y bootstrap,Hist 0.99,13.604021180555545
34,0.9863387978142076,10y bootstrap,Hist 1,15.2771875
35,0.0,10y bootstrap param,Hist 0.8,-6.695108604425788
36,0.0,10y bootstrap param,Hist 0.9,-8.566442206076262
37,0.0,10y bootstrap param,Hist 0.95,-10.149912153389927
38,0.0,10y bootstrap param,Hist 0.99,-12.982843918739839
39,0.0,10y bootstrap param,Hist 1,-14.444104788985388
